"date","price_usd_lb","origin","grade","process","export_type","source"
"2021-09-07","3.43090","Sidama","1","Natural","Commercial","EEM / ECTA minimum price"
"2021-09-07","2.33878","Sidama","2","Natural","Commercial","EEM / ECTA minimum price"
"2021-10-05","3.77399","Sidama","1","Natural","Commercial","EEM / ECTA minimum price"
"2021-10-05","2.57266","Sidama","2","Natural","Commercial","EEM / ECTA minimum price"
"2021-12-07","3.77248","Sidama","1","Natural","Commercial","EEM / ECTA minimum price"
"2021-12-07","2.78287","Sidama","2","Natural","Commercial","EEM / ECTA minimum price"
"2021-12-14","3.73475","Sidama","1","Natural","Commercial","EEM / ECTA minimum price"
"2021-12-14","2.75504","Sidama","2","Natural","Commercial","EEM / ECTA minimum price"
"2021-12-21","3.71608","Sidama","1","Natural","Commercial","EEM / ECTA minimum price"
"2021-12-21","2.74126","Sidama","2","Natural","Commercial","EEM / ECTA minimum price"
"2021-12-28","3.71608","Sidama","1","Natural","Commercial","EEM / ECTA minimum price"
"2021-12-28","2.74126","Sidama","2","Natural","Commercial","EEM / ECTA minimum price"
"2022-01-04","3.67892","Sidama","1","Natural","Commercial","EEM / ECTA minimum price"
"2022-01-04","2.71385","Sidama","2","Natural","Commercial","EEM / ECTA minimum price"
"2022-01-11","3.69731","Sidama","1","Natural","Commercial","EEM / ECTA minimum price"
"2022-01-11","2.72742","Sidama","2","Natural","Commercial","EEM / ECTA minimum price"
"2022-01-18","3.71580","Sidama","1","Natural","Commercial","EEM / ECTA minimum price"
"2022-01-18","2.74106","Sidama","2","Natural","Commercial","EEM / ECTA minimum price"
"2022-01-25","3.73438","Sidama","1","Natural","Commercial","EEM / ECTA minimum price"
"2022-01-25","2.75476","Sidama","2","Natural","Commercial","EEM / ECTA minimum price"
"2022-02-08","3.73438","Sidama","1","Natural","Commercial","EEM / ECTA minimum price"
"2022-02-08","2.78231","Sidama","2","Natural","Commercial","EEM / ECTA minimum price"
"2022-02-15","3.77172","Sidama","1","Natural","Commercial","EEM / ECTA minimum price"
"2022-02-15","2.81013","Sidama","2","Natural","Commercial","EEM / ECTA minimum price"
"2022-02-22","3.77172","Sidama","1","Natural","Commercial","EEM / ECTA minimum price"
"2022-02-22","2.81013","Sidama","2","Natural","Commercial","EEM / ECTA minimum price"
"2022-03-01","3.80944","Sidama","1","Natural","Commercial","EEM / ECTA minimum price"
"2022-03-01","2.83824","Sidama","2","Natural","Commercial","EEM / ECTA minimum price"
"2022-03-08","3.80944","Sidama","1","Natural","Commercial","EEM / ECTA minimum price"
"2022-03-08","2.83824","Sidama","2","Natural","Commercial","EEM / ECTA minimum price"
"2022-03-15","3.80944","Sidama","1","Natural","Commercial","EEM / ECTA minimum price"
"2022-03-15","2.83824","Sidama","2","Natural","Commercial","EEM / ECTA minimum price"
"2022-03-22","3.80944","Sidama","1","Natural","Commercial","EEM / ECTA minimum price"
"2022-03-22","2.83824","Sidama","2","Natural","Commercial","EEM / ECTA minimum price"
"2022-03-29","4.22848","Sidama","1","Natural","Commercial","EEM / ECTA minimum price"
"2022-03-29","3.15044","Sidama","2","Natural","Commercial","EEM / ECTA minimum price"
"2022-04-05","4.22848","Sidama","1","Natural","Commercial","EEM / ECTA minimum price"
"2022-04-05","3.15044","Sidama","2","Natural","Commercial","EEM / ECTA minimum price"
"2022-04-12","4.05934","Sidama","1","Natural","Commercial","EEM / ECTA minimum price"
"2022-04-12","3.02442","Sidama","2","Natural","Commercial","EEM / ECTA minimum price"
"2022-04-19","4.05934","Sidama","1","Natural","Commercial","EEM / ECTA minimum price"
"2022-04-19","3.02442","Sidama","2","Natural","Commercial","EEM / ECTA minimum price"
"2022-04-26","4.05934","Sidama","1","Natural","Commercial","EEM / ECTA minimum price"
"2022-04-26","3.02442","Sidama","2","Natural","Commercial","EEM / ECTA minimum price"
"2022-05-03","4.05934","Sidama","1","Natural","Commercial","EEM / ECTA minimum price"
"2022-05-03","3.02442","Sidama","2","Natural","Commercial","EEM / ECTA minimum price"
"2022-05-10","3.89696","Sidama","1","Natural","Commercial","EEM / ECTA minimum price"
"2022-05-10","2.90345","Sidama","2","Natural","Commercial","EEM / ECTA minimum price"
"2022-05-17","3.93593","Sidama","1","Natural","Commercial","EEM / ECTA minimum price"
"2022-05-17","2.93248","Sidama","2","Natural","Commercial","EEM / ECTA minimum price"
"2022-05-24","3.93593","Sidama","1","Natural","Commercial","EEM / ECTA minimum price"
"2022-05-24","2.93248","Sidama","2","Natural","Commercial","EEM / ECTA minimum price"
"2022-05-31","3.97529","Sidama","1","Natural","Commercial","EEM / ECTA minimum price"
"2022-05-31","2.96181","Sidama","2","Natural","Commercial","EEM / ECTA minimum price"
"2022-06-07","3.81628","Sidama","1","Natural","Commercial","EEM / ECTA minimum price"
"2022-06-07","2.78410","Sidama","2","Natural","Commercial","EEM / ECTA minimum price"
"2022-06-14","3.89261","Sidama","1","Natural","Commercial","EEM / ECTA minimum price"
"2022-06-14","2.83978","Sidama","2","Natural","Commercial","EEM / ECTA minimum price"
"2022-06-21","3.79529","Sidama","1","Natural","Commercial","EEM / ECTA minimum price"
"2022-06-21","2.81081","Sidama","2","Natural","Commercial","EEM / ECTA minimum price"
"2022-06-28","3.83324","Sidama","1","Natural","Commercial","EEM / ECTA minimum price"
"2022-06-28","2.83892","Sidama","2","Natural","Commercial","EEM / ECTA minimum price"
"2022-07-05","3.87158","Sidama","1","Natural","Commercial","EEM / ECTA minimum price"
"2022-07-05","2.86731","Sidama","2","Natural","Commercial","EEM / ECTA minimum price"
"2022-07-12","3.79414","Sidama","1","Natural","Commercial","EEM / ECTA minimum price"
"2022-07-12","2.80997","Sidama","2","Natural","Commercial","EEM / ECTA minimum price"
"2022-07-19","3.81312","Sidama","1","Natural","Commercial","EEM / ECTA minimum price"
"2022-07-19","2.82401","Sidama","2","Natural","Commercial","EEM / ECTA minimum price"
"2022-07-26","3.77498","Sidama","1","Natural","Commercial","EEM / ECTA minimum price"
"2022-07-26","2.79577","Sidama","2","Natural","Commercial","EEM / ECTA minimum price"
"2022-08-02","3.77498","Sidama","1","Natural","Commercial","EEM / ECTA minimum price"
"2022-08-02","2.79577","Sidama","2","Natural","Commercial","EEM / ECTA minimum price"
"2022-08-09","3.81273","Sidama","1","Natural","Commercial","EEM / ECTA minimum price"
"2022-08-09","2.82373","Sidama","2","Natural","Commercial","EEM / ECTA minimum price"
"2022-08-16","3.85086","Sidama","1","Natural","Commercial","EEM / ECTA minimum price"
"2022-08-16","2.85197","Sidama","2","Natural","Commercial","EEM / ECTA minimum price"
"2022-08-23","3.88937","Sidama","1","Natural","Commercial","EEM / ECTA minimum price"
"2022-08-23","2.88049","Sidama","2","Natural","Commercial","EEM / ECTA minimum price"
"2022-08-30","3.92826","Sidama","1","Natural","Commercial","EEM / ECTA minimum price"
"2022-08-30","2.90929","Sidama","2","Natural","Commercial","EEM / ECTA minimum price"
"2022-09-06","3.88898","Sidama","1","Natural","Commercial","EEM / ECTA minimum price"
"2022-09-06","2.88020","Sidama","2","Natural","Commercial","EEM / ECTA minimum price"
"2022-09-13","3.85009","Sidama","1","Natural","Commercial","EEM / ECTA minimum price"
"2022-09-13","2.85140","Sidama","2","Natural","Commercial","EEM / ECTA minimum price"
"2022-09-20","3.85009","Sidama","1","Natural","Commercial","EEM / ECTA minimum price"
"2022-09-20","2.85140","Sidama","2","Natural","Commercial","EEM / ECTA minimum price"
"2022-09-27","3.73459","Sidama","1","Natural","Commercial","EEM / ECTA minimum price"
"2022-09-27","2.76586","Sidama","2","Natural","Commercial","EEM / ECTA minimum price"
"2022-10-04","3.69724","Sidama","1","Natural","Commercial","EEM / ECTA minimum price"
"2022-10-04","2.73820","Sidama","2","Natural","Commercial","EEM / ECTA minimum price"
"2022-10-11","3.66027","Sidama","1","Natural","Commercial","EEM / ECTA minimum price"
"2022-10-11","2.71082","Sidama","2","Natural","Commercial","EEM / ECTA minimum price"
"2022-10-18","3.58706","Sidama","1","Natural","Commercial","EEM / ECTA minimum price"
"2022-10-18","2.65660","Sidama","2","Natural","Commercial","EEM / ECTA minimum price"
"2022-10-25","3.51532","Sidama","1","Natural","Commercial","EEM / ECTA minimum price"
"2022-10-25","2.60347","Sidama","2","Natural","Commercial","EEM / ECTA minimum price"
"2022-11-01","3.44502","Sidama","1","Natural","Commercial","EEM / ECTA minimum price"
"2022-11-01","2.55140","Sidama","2","Natural","Commercial","EEM / ECTA minimum price"
"2022-11-08","3.37612","Sidama","1","Natural","Commercial","EEM / ECTA minimum price"
"2022-11-08","2.50037","Sidama","2","Natural","Commercial","EEM / ECTA minimum price"
"2022-11-15","3.27483","Sidama","1","Natural","Commercial","EEM / ECTA minimum price"
"2022-11-15","2.42536","Sidama","2","Natural","Commercial","EEM / ECTA minimum price"
"2022-11-22","3.20934","Sidama","1","Natural","Commercial","EEM / ECTA minimum price"
"2022-11-22","2.37685","Sidama","2","Natural","Commercial","EEM / ECTA minimum price"
"2022-11-29","3.20934","Sidama","1","Natural","Commercial","EEM / ECTA minimum price"
"2022-11-29","2.37685","Sidama","2","Natural","Commercial","EEM / ECTA minimum price"
"2022-12-06","3.69703","Sidama","1","Natural","Commercial","EEM / ECTA minimum price"
"2022-12-06","2.75504","Sidama","2","Natural","Commercial","EEM / ECTA minimum price"
"2022-12-13","3.73400","Sidama","1","Natural","Commercial","EEM / ECTA minimum price"
"2022-12-13","2.92034","Sidama","2","Natural","Commercial","EEM / ECTA minimum price"
"2022-12-20","3.73400","Sidama","1","Natural","Commercial","EEM / ECTA minimum price"
"2022-12-20","2.92034","Sidama","2","Natural","Commercial","EEM / ECTA minimum price"
"2022-12-27","3.73400","Sidama","1","Natural","Commercial","EEM / ECTA minimum price"
"2022-12-27","2.92034","Sidama","2","Natural","Commercial","EEM / ECTA minimum price"
"2023-01-03","3.73400","Sidama","1","Natural","Commercial","EEM / ECTA minimum price"
"2023-01-03","2.92034","Sidama","2","Natural","Commercial","EEM / ECTA minimum price"
"2023-01-10","3.73400","Sidama","1","Natural","Commercial","EEM / ECTA minimum price"
"2023-01-10","2.92034","Sidama","2","Natural","Commercial","EEM / ECTA minimum price"
"2023-01-17","3.73400","Sidama","1","Natural","Commercial","EEM / ECTA minimum price"
"2023-01-17","2.92034","Sidama","2","Natural","Commercial","EEM / ECTA minimum price"
"2023-01-24","3.73400","Sidama","1","Natural","Commercial","EEM / ECTA minimum price"
"2023-01-24","2.92034","Sidama","2","Natural","Commercial","EEM / ECTA minimum price"
"2023-01-31","3.73400","Sidama","1","Natural","Commercial","EEM / ECTA minimum price"
"2023-01-31","2.92034","Sidama","2","Natural","Commercial","EEM / ECTA minimum price"
"2023-02-07","3.77134","Sidama","1","Natural","Commercial","EEM / ECTA minimum price"
"2023-02-07","2.94955","Sidama","2","Natural","Commercial","EEM / ECTA minimum price"
"2023-02-14","3.73362","Sidama","1","Natural","Commercial","EEM / ECTA minimum price"
"2023-02-14","2.92005","Sidama","2","Natural","Commercial","EEM / ECTA minimum price"
"2023-02-21","3.71495","Sidama","1","Natural","Commercial","EEM / ECTA minimum price"
"2023-02-21","2.90545","Sidama","2","Natural","Commercial","EEM / ECTA minimum price"
"2023-02-28","3.71495","Sidama","1","Natural","Commercial","EEM / ECTA minimum price"
"2023-02-28","2.90545","Sidama","2","Natural","Commercial","EEM / ECTA minimum price"
"2023-03-07","3.67781","Sidama","1","Natural","Commercial","EEM / ECTA minimum price"
"2023-03-07","2.87640","Sidama","2","Natural","Commercial","EEM / ECTA minimum price"
"2023-03-14","3.64103","Sidama","1","Natural","Commercial","EEM / ECTA minimum price"
"2023-03-14","2.84763","Sidama","2","Natural","Commercial","EEM / ECTA minimum price"
"2023-03-21","3.67781","Sidama","1","Natural","Commercial","EEM / ECTA minimum price"
"2023-03-21","2.87640","Sidama","2","Natural","Commercial","EEM / ECTA minimum price"
"2023-04-04","3.64103","Sidama","1","Natural","Commercial","EEM / ECTA minimum price"
"2023-04-04","2.84763","Sidama","2","Natural","Commercial","EEM / ECTA minimum price"
"2023-04-11","3.67744","Sidama","1","Natural","Commercial","EEM / ECTA minimum price"
"2023-04-11","2.87611","Sidama","2","Natural","Commercial","EEM / ECTA minimum price"
"2023-04-18","3.71421","Sidama","1","Natural","Commercial","EEM / ECTA minimum price"
"2023-04-18","2.90487","Sidama","2","Natural","Commercial","EEM / ECTA minimum price"
"2023-04-25","3.71421","Sidama","1","Natural","Commercial","EEM / ECTA minimum price"
"2023-04-25","2.90487","Sidama","2","Natural","Commercial","EEM / ECTA minimum price"
"2023-05-02","3.67707","Sidama","1","Natural","Commercial","EEM / ECTA minimum price"
"2023-05-02","2.87582","Sidama","2","Natural","Commercial","EEM / ECTA minimum price"
"2023-05-09","3.67707","Sidama","1","Natural","Commercial","EEM / ECTA minimum price"
"2023-05-09","2.84706","Sidama","2","Natural","Commercial","EEM / ECTA minimum price"
"2023-05-16","3.71384","Sidama","1","Natural","Commercial","EEM / ECTA minimum price"
"2023-05-16","2.87553","Sidama","2","Natural","Commercial","EEM / ECTA minimum price"
"2023-05-23","3.71384","Sidama","1","Natural","Commercial","EEM / ECTA minimum price"
"2023-05-23","2.87553","Sidama","2","Natural","Commercial","EEM / ECTA minimum price"
"2023-05-30","3.67670","Sidama","1","Natural","Commercial","EEM / ECTA minimum price"
"2023-05-30","2.84678","Sidama","2","Natural","Commercial","EEM / ECTA minimum price"
"2023-06-06","3.67633","Sidama","1","Natural","Commercial","EEM / ECTA minimum price"
"2023-06-06","2.84649","Sidama","2","Natural","Commercial","EEM / ECTA minimum price"
"2023-06-13","3.71347","Sidama","1","Natural","Commercial","EEM / ECTA minimum price"
"2023-06-13","2.87524","Sidama","2","Natural","Commercial","EEM / ECTA minimum price"
"2023-06-20","3.67633","Sidama","1","Natural","Commercial","EEM / ECTA minimum price"
"2023-06-20","2.84649","Sidama","2","Natural","Commercial","EEM / ECTA minimum price"
"2023-06-27","3.63957","Sidama","1","Natural","Commercial","EEM / ECTA minimum price"
"2023-06-27","2.81803","Sidama","2","Natural","Commercial","EEM / ECTA minimum price"
"2023-07-04","3.56678","Sidama","1","Natural","Commercial","EEM / ECTA minimum price"
"2023-07-04","2.76167","Sidama","2","Natural","Commercial","EEM / ECTA minimum price"
"2023-07-11","3.56678","Sidama","1","Natural","Commercial","EEM / ECTA minimum price"
"2023-07-11","2.76167","Sidama","2","Natural","Commercial","EEM / ECTA minimum price"
"2023-07-18","3.56678","Sidama","1","Natural","Commercial","EEM / ECTA minimum price"
"2023-07-18","2.76167","Sidama","2","Natural","Commercial","EEM / ECTA minimum price"
"2023-07-25","3.60245","Sidama","1","Natural","Commercial","EEM / ECTA minimum price"
"2023-07-25","2.78928","Sidama","2","Natural","Commercial","EEM / ECTA minimum price"
"2023-08-01","3.60245","Sidama","1","Natural","Commercial","EEM / ECTA minimum price"
"2023-08-01","2.78928","Sidama","2","Natural","Commercial","EEM / ECTA minimum price"
"2023-08-08","3.56642","Sidama","1","Natural","Commercial","EEM / ECTA minimum price"
"2023-08-08","2.76139","Sidama","2","Natural","Commercial","EEM / ECTA minimum price"
"2023-08-15","3.56642","Sidama","1","Natural","Commercial","EEM / ECTA minimum price"
"2023-08-15","2.76139","Sidama","2","Natural","Commercial","EEM / ECTA minimum price"
"2023-08-22","3.53076","Sidama","1","Natural","Commercial","EEM / ECTA minimum price"
"2023-08-22","2.73378","Sidama","2","Natural","Commercial","EEM / ECTA minimum price"
"2023-08-29","3.53076","Sidama","1","Natural","Commercial","EEM / ECTA minimum price"
"2023-08-29","2.73378","Sidama","2","Natural","Commercial","EEM / ECTA minimum price"
"2023-09-05","3.53076","Sidama","1","Natural","Commercial","EEM / ECTA minimum price"
"2023-09-05","2.73378","Sidama","2","Natural","Commercial","EEM / ECTA minimum price"
"2023-09-12","3.49545","Sidama","1","Natural","Commercial","EEM / ECTA minimum price"
"2023-09-12","2.70644","Sidama","2","Natural","Commercial","EEM / ECTA minimum price"
"2023-09-19","3.46050","Sidama","1","Natural","Commercial","EEM / ECTA minimum price"
"2023-09-19","2.67937","Sidama","2","Natural","Commercial","EEM / ECTA minimum price"
"2023-09-26","3.39129","Sidama","1","Natural","Commercial","EEM / ECTA minimum price"
"2023-09-26","2.62579","Sidama","2","Natural","Commercial","EEM / ECTA minimum price"
"2023-10-03","3.35737","Sidama","1","Natural","Commercial","EEM / ECTA minimum price"
"2023-10-03","2.59953","Sidama","2","Natural","Commercial","EEM / ECTA minimum price"
"2023-10-10","3.32380","Sidama","1","Natural","Commercial","EEM / ECTA minimum price"
"2023-10-10","2.57353","Sidama","2","Natural","Commercial","EEM / ECTA minimum price"
"2023-10-17","3.32380","Sidama","1","Natural","Commercial","EEM / ECTA minimum price"
"2023-10-17","2.57353","Sidama","2","Natural","Commercial","EEM / ECTA minimum price"
"2023-10-24","3.32380","Sidama","1","Natural","Commercial","EEM / ECTA minimum price"
"2023-10-24","2.57353","Sidama","2","Natural","Commercial","EEM / ECTA minimum price"
"2023-10-31","3.22409","Sidama","1","Natural","Commercial","EEM / ECTA minimum price"
"2023-10-31","2.49633","Sidama","2","Natural","Commercial","EEM / ECTA minimum price"
"2023-11-07","3.25633","Sidama","1","Natural","Commercial","EEM / ECTA minimum price"
"2023-11-07","2.52129","Sidama","2","Natural","Commercial","EEM / ECTA minimum price"
"2023-11-14","3.25633","Sidama","1","Natural","Commercial","EEM / ECTA minimum price"
"2023-11-14","2.52129","Sidama","2","Natural","Commercial","EEM / ECTA minimum price"
"2023-11-21","3.58196","Sidama","1","Natural","Commercial","EEM / ECTA minimum price"
"2023-11-21","2.77342","Sidama","2","Natural","Commercial","EEM / ECTA minimum price"
"2023-12-05","3.58196","Sidama","1","Natural","Commercial","EEM / ECTA minimum price"
"2023-12-05","2.77342","Sidama","2","Natural","Commercial","EEM / ECTA minimum price"
"2023-12-12","3.61778","Sidama","1","Natural","Commercial","EEM / ECTA minimum price"
"2023-12-12","2.80115","Sidama","2","Natural","Commercial","EEM / ECTA minimum price"
"2023-12-19","3.61778","Sidama","1","Natural","Commercial","EEM / ECTA minimum price"
"2023-12-19","2.80115","Sidama","2","Natural","Commercial","EEM / ECTA minimum price"
"2023-12-26","3.61778","Sidama","1","Natural","Commercial","EEM / ECTA minimum price"
"2023-12-26","2.80115","Sidama","2","Natural","Commercial","EEM / ECTA minimum price"
"2024-01-16","3.58160","Sidama","1","Natural","Commercial","EEM / ECTA minimum price"
"2024-01-16","2.77314","Sidama","2","Natural","Commercial","EEM / ECTA minimum price"
"2024-01-23","3.61742","Sidama","1","Natural","Commercial","EEM / ECTA minimum price"
"2024-01-23","2.80087","Sidama","2","Natural","Commercial","EEM / ECTA minimum price"
"2024-01-30","3.61742","Sidama","1","Natural","Commercial","EEM / ECTA minimum price"
"2024-01-30","2.80087","Sidama","2","Natural","Commercial","EEM / ECTA minimum price"
"2024-02-06","3.61742","Sidama","1","Natural","Commercial","EEM / ECTA minimum price"
"2024-02-06","2.80087","Sidama","2","Natural","Commercial","EEM / ECTA minimum price"
"2024-02-13","3.65359","Sidama","1","Natural","Commercial","EEM / ECTA minimum price"
"2024-02-13","2.82888","Sidama","2","Natural","Commercial","EEM / ECTA minimum price"
"2024-02-20","3.61706","Sidama","1","Natural","Commercial","EEM / ECTA minimum price"
"2024-02-20","2.80059","Sidama","2","Natural","Commercial","EEM / ECTA minimum price"
"2024-02-27","3.58089","Sidama","1","Natural","Commercial","EEM / ECTA minimum price"
"2024-02-27","2.77259","Sidama","2","Natural","Commercial","EEM / ECTA minimum price"
"2024-03-05","3.61669","Sidama","1","Natural","Commercial","EEM / ECTA minimum price"
"2024-03-05","2.80031","Sidama","2","Natural","Commercial","EEM / ECTA minimum price"
"2024-03-12","3.61669","Sidama","1","Natural","Commercial","EEM / ECTA minimum price"
"2024-03-12","2.80031","Sidama","2","Natural","Commercial","EEM / ECTA minimum price"
"2024-03-26","3.65286","Sidama","1","Natural","Commercial","EEM / ECTA minimum price"
"2024-03-26","2.82832","Sidama","2","Natural","Commercial","EEM / ECTA minimum price"
"2024-04-02","3.67113","Sidama","1","Natural","Commercial","EEM / ECTA minimum price"
"2024-04-02","2.84246","Sidama","2","Natural","Commercial","EEM / ECTA minimum price"
"2024-04-09","3.76290","Sidama","1","Natural","Commercial","EEM / ECTA minimum price"
"2024-04-09","2.91352","Sidama","2","Natural","Commercial","EEM / ECTA minimum price"
"2024-04-16","3.80053","Sidama","1","Natural","Commercial","EEM / ECTA minimum price"
"2024-04-16","2.94266","Sidama","2","Natural","Commercial","EEM / ECTA minimum price"
"2024-04-23","3.83854","Sidama","1","Natural","Commercial","EEM / ECTA minimum price"
"2024-04-23","2.97208","Sidama","2","Natural","Commercial","EEM / ECTA minimum price"
"2024-04-30","3.83854","Sidama","1","Natural","Commercial","EEM / ECTA minimum price"
"2024-04-30","2.97208","Sidama","2","Natural","Commercial","EEM / ECTA minimum price"
"2024-05-07","3.83854","Sidama","1","Natural","Commercial","EEM / ECTA minimum price"
"2024-05-07","2.97208","Sidama","2","Natural","Commercial","EEM / ECTA minimum price"
"2024-05-14","3.80015","Sidama","1","Natural","Commercial","EEM / ECTA minimum price"
"2024-05-14","2.94236","Sidama","2","Natural","Commercial","EEM / ECTA minimum price"
"2024-05-21","3.80015","Sidama","1","Natural","Commercial","EEM / ECTA minimum price"
"2024-05-21","2.94236","Sidama","2","Natural","Commercial","EEM / ECTA minimum price"
"2024-05-28","3.83815","Sidama","1","Natural","Commercial","EEM / ECTA minimum price"
"2024-05-28","2.97179","Sidama","2","Natural","Commercial","EEM / ECTA minimum price"
"2024-06-04","3.83815","Sidama","1","Natural","Commercial","EEM / ECTA minimum price"
"2024-06-04","2.97179","Sidama","2","Natural","Commercial","EEM / ECTA minimum price"
"2024-06-11","3.79977","Sidama","1","Natural","Commercial","EEM / ECTA minimum price"
"2024-06-11","2.94207","Sidama","2","Natural","Commercial","EEM / ECTA minimum price"
"2024-06-25","3.78977","Sidama","1","Natural","Commercial","EEM / ECTA minimum price"
"2024-06-25","2.93207","Sidama","2","Natural","Commercial","EEM / ECTA minimum price"
"2024-07-02","3.75112","Sidama","1","Natural","Commercial","EEM / ECTA minimum price"
"2024-07-02","2.90216","Sidama","2","Natural","Commercial","EEM / ECTA minimum price"
"2024-07-09","3.75112","Sidama","1","Natural","Commercial","EEM / ECTA minimum price"
"2024-07-09","2.90216","Sidama","2","Natural","Commercial","EEM / ECTA minimum price"
"2024-07-16","3.82614","Sidama","1","Natural","Commercial","EEM / ECTA minimum price"
"2024-07-16","2.96020","Sidama","2","Natural","Commercial","EEM / ECTA minimum price"
"2024-07-23","4.01745","Sidama","1","Natural","Commercial","EEM / ECTA minimum price"
"2024-07-23","3.10821","Sidama","2","Natural","Commercial","EEM / ECTA minimum price"
"2024-07-30","4.01745","Sidama","1","Natural","Commercial","EEM / ECTA minimum price"
"2024-07-30","3.10821","Sidama","2","Natural","Commercial","EEM / ECTA minimum price"
"2024-08-06","4.05762","Sidama","1","Natural","Commercial","EEM / ECTA minimum price"
"2024-08-06","3.13930","Sidama","2","Natural","Commercial","EEM / ECTA minimum price"
"2024-08-13","4.05762","Sidama","1","Natural","Commercial","EEM / ECTA minimum price"
"2024-08-13","3.13930","Sidama","2","Natural","Commercial","EEM / ECTA minimum price"
"2024-08-20","4.05762","Sidama","1","Natural","Commercial","EEM / ECTA minimum price"
"2024-08-20","3.13930","Sidama","2","Natural","Commercial","EEM / ECTA minimum price"
"2024-08-27","4.05762","Sidama","1","Natural","Commercial","EEM / ECTA minimum price"
"2024-08-27","3.13930","Sidama","2","Natural","Commercial","EEM / ECTA minimum price"
"2024-09-03","3.97647","Sidama","1","Natural","Commercial","EEM / ECTA minimum price"
"2024-09-03","3.07651","Sidama","2","Natural","Commercial","EEM / ECTA minimum price"
"2024-09-10","3.93670","Sidama","1","Natural","Commercial","EEM / ECTA minimum price"
"2024-09-10","3.04574","Sidama","2","Natural","Commercial","EEM / ECTA minimum price"
"2025-01-28","3.95292","Sidama","1","Natural","Commercial","EEM / ECTA minimum price"
"2025-01-28","3.05829","Sidama","2","Natural","Commercial","EEM / ECTA minimum price"
"2025-02-03","4.62878","Sidama","1","Natural","Commercial","EEM / ECTA minimum price"
"2025-02-03","4.09788","Sidama","2","Natural","Commercial","EEM / ECTA minimum price"
"2025-02-25","4.81394","Sidama","1","Natural","Commercial","EEM / ECTA minimum price"
"2025-02-25","4.26180","Sidama","2","Natural","Commercial","EEM / ECTA minimum price"
"2025-04-08","4.59502","Sidama","1","Natural","Commercial","EEM / ECTA minimum price"
"2025-04-08","4.06799","Sidama","2","Natural","Commercial","EEM / ECTA minimum price"
"2025-05-06","4.80410","Sidama","1","Natural","Commercial","EEM / ECTA minimum price"
"2025-05-06","4.25309","Sidama","2","Natural","Commercial","EEM / ECTA minimum price"
"2025-05-13","4.80410","Sidama","1","Natural","Commercial","EEM / ECTA minimum price"
"2025-05-13","4.25309","Sidama","2","Natural","Commercial","EEM / ECTA minimum price"
"2025-05-20","4.80000","Sidama","1","Natural","Commercial","EEM / ECTA minimum price"
"2025-05-20","4.25000","Sidama","2","Natural","Commercial","EEM / ECTA minimum price"
"2025-05-27","4.56000","Sidama","1","Natural","Commercial","EEM / ECTA minimum price"
"2025-05-27","4.08000","Sidama","2","Natural","Commercial","EEM / ECTA minimum price"
"2025-06-03","4.56000","Sidama","1","Natural","Commercial","EEM / ECTA minimum price"
"2025-06-03","4.08000","Sidama","2","Natural","Commercial","EEM / ECTA minimum price"
"2025-06-10","4.56000","Sidama","1","Natural","Commercial","EEM / ECTA minimum price"
"2025-06-10","4.08000","Sidama","2","Natural","Commercial","EEM / ECTA minimum price"
"2025-06-17","4.56389","Sidama","1","Natural","Commercial","EEM / ECTA minimum price"
"2025-06-17","4.08296","Sidama","2","Natural","Commercial","EEM / ECTA minimum price"
"2025-06-24","4.51825","Sidama","1","Natural","Commercial","EEM / ECTA minimum price"
"2025-06-24","4.04213","Sidama","2","Natural","Commercial","EEM / ECTA minimum price"
"2025-07-01","4.52000","Sidama","1","Natural","Commercial","EEM / ECTA minimum price"
"2025-07-01","4.04000","Sidama","2","Natural","Commercial","EEM / ECTA minimum price"
"2025-07-08","4.52000","Sidama","1","Natural","Commercial","EEM / ECTA minimum price"
"2025-07-08","4.04000","Sidama","2","Natural","Commercial","EEM / ECTA minimum price"
"2025-07-15","4.52000","Sidama","1","Natural","Commercial","EEM / ECTA minimum price"
"2025-07-15","4.04000","Sidama","2","Natural","Commercial","EEM / ECTA minimum price"
"2025-07-22","4.49566","Sidama","1","Natural","Commercial","EEM / ECTA minimum price"
"2025-07-22","4.02192","Sidama","2","Natural","Commercial","EEM / ECTA minimum price"
"2025-07-29","4.49566","Sidama","1","Natural","Commercial","EEM / ECTA minimum price"
"2025-07-29","4.02192","Sidama","2","Natural","Commercial","EEM / ECTA minimum price"
"2025-08-05","4.45070","Sidama","1","Natural","Commercial","EEM / ECTA minimum price"
"2025-08-05","3.98170","Sidama","2","Natural","Commercial","EEM / ECTA minimum price"
"2025-08-12","4.49521","Sidama","1","Natural","Commercial","EEM / ECTA minimum price"
"2025-08-12","4.02152","Sidama","2","Natural","Commercial","EEM / ECTA minimum price"
"2025-08-19","4.54016","Sidama","1","Natural","Commercial","EEM / ECTA minimum price"
"2025-08-19","4.06174","Sidama","2","Natural","Commercial","EEM / ECTA minimum price"
"2025-08-26","4.54016","Sidama","1","Natural","Commercial","EEM / ECTA minimum price"
"2025-08-26","4.06174","Sidama","2","Natural","Commercial","EEM / ECTA minimum price"
"2025-09-02","4.58557","Sidama","1","Natural","Commercial","EEM / ECTA minimum price"
"2025-09-02","4.10235","Sidama","2","Natural","Commercial","EEM / ECTA minimum price"
"2025-09-09","4.58557","Sidama","1","Natural","Commercial","EEM / ECTA minimum price"
"2025-09-09","4.10235","Sidama","2","Natural","Commercial","EEM / ECTA minimum price"
"2025-09-16","4.63142","Sidama","1","Natural","Commercial","EEM / ECTA minimum price"
"2025-09-16","4.14338","Sidama","2","Natural","Commercial","EEM / ECTA minimum price"
"2025-09-23","4.60826","Sidama","1","Natural","Commercial","EEM / ECTA minimum price"
"2025-09-23","4.12266","Sidama","2","Natural","Commercial","EEM / ECTA minimum price"
"2025-09-30","4.60826","Sidama","1","Natural","Commercial","EEM / ECTA minimum price"
"2025-09-30","4.12266","Sidama","2","Natural","Commercial","EEM / ECTA minimum price"
"2025-10-07","4.60826","Sidama","1","Natural","Commercial","EEM / ECTA minimum price"
"2025-10-07","4.12266","Sidama","2","Natural","Commercial","EEM / ECTA minimum price"
"2025-10-14","4.60826","Sidama","1","Natural","Commercial","EEM / ECTA minimum price"
"2025-10-14","4.12266","Sidama","2","Natural","Commercial","EEM / ECTA minimum price"
"2025-10-21","4.60826","Sidama","1","Natural","Commercial","EEM / ECTA minimum price"
"2025-10-21","4.12266","Sidama","2","Natural","Commercial","EEM / ECTA minimum price"
"2025-10-28","5.29950","Sidama","1","Natural","Commercial","EEM / ECTA minimum price"
"2025-10-28","4.82351","Sidama","2","Natural","Commercial","EEM / ECTA minimum price"
"2025-11-04","5.14052","Sidama","1","Natural","Commercial","EEM / ECTA minimum price"
"2025-11-04","4.67881","Sidama","2","Natural","Commercial","EEM / ECTA minimum price"
"2025-11-12","5.14052","Sidama","1","Natural","Commercial","EEM / ECTA minimum price"
"2025-11-12","4.67881","Sidama","2","Natural","Commercial","EEM / ECTA minimum price"
"2025-11-18","4.90000","Sidama","1","Natural","Commercial","EEM / ECTA minimum price"
"2025-11-18","4.60000","Sidama","2","Natural","Commercial","EEM / ECTA minimum price"
"2025-11-25","4.85100","Sidama","1","Natural","Commercial","EEM / ECTA minimum price"
"2025-11-25","4.55400","Sidama","2","Natural","Commercial","EEM / ECTA minimum price"
"2025-12-02","4.75398","Sidama","1","Natural","Commercial","EEM / ECTA minimum price"
"2025-12-02","4.46292","Sidama","2","Natural","Commercial","EEM / ECTA minimum price"
"2025-12-09","4.51628","Sidama","1","Natural","Commercial","EEM / ECTA minimum price"
"2025-12-09","4.23977","Sidama","2","Natural","Commercial","EEM / ECTA minimum price"
"2025-12-16","4.51628","Sidama","1","Natural","Commercial","EEM / ECTA minimum price"
"2025-12-16","4.23977","Sidama","2","Natural","Commercial","EEM / ECTA minimum price"
"2025-12-23","4.51628","Sidama","1","Natural","Commercial","EEM / ECTA minimum price"
"2025-12-23","4.23977","Sidama","2","Natural","Commercial","EEM / ECTA minimum price"
"2025-12-30","4.51628","Sidama","1","Natural","Commercial","EEM / ECTA minimum price"
"2025-12-30","4.23977","Sidama","2","Natural","Commercial","EEM / ECTA minimum price"
"2026-01-06","4.53886","Sidama","1","Natural","Commercial","EEM / ECTA minimum price"
"2026-01-06","4.26097","Sidama","2","Natural","Commercial","EEM / ECTA minimum price"
"2026-01-13","4.53886","Sidama","1","Natural","Commercial","EEM / ECTA minimum price"
"2026-01-13","4.26097","Sidama","2","Natural","Commercial","EEM / ECTA minimum price"
"2026-01-20","4.49347","Sidama","1","Natural","Commercial","EEM / ECTA minimum price"
"2026-01-20","4.21836","Sidama","2","Natural","Commercial","EEM / ECTA minimum price"
"2026-01-27","4.53841","Sidama","1","Natural","Commercial","EEM / ECTA minimum price"
"2026-01-27","4.26055","Sidama","2","Natural","Commercial","EEM / ECTA minimum price"
"2026-02-03","4.53841","Sidama","1","Natural","Commercial","EEM / ECTA minimum price"
"2026-02-03","4.26055","Sidama","2","Natural","Commercial","EEM / ECTA minimum price"
"2026-02-10","4.49302","Sidama","1","Natural","Commercial","EEM / ECTA minimum price"
"2026-02-10","4.21794","Sidama","2","Natural","Commercial","EEM / ECTA minimum price"
"2026-02-17","4.49302","Sidama","1","Natural","Commercial","EEM / ECTA minimum price"
"2026-02-17","4.21794","Sidama","2","Natural","Commercial","EEM / ECTA minimum price"
"2026-02-24","4.34302","Sidama","1","Natural","Commercial","EEM / ECTA minimum price"
"2026-02-24","4.06794","Sidama","2","Natural","Commercial","EEM / ECTA minimum price"
"2026-03-03","4.34302","Sidama","1","Natural","Commercial","EEM / ECTA minimum price"
"2026-03-03","4.06794","Sidama","2","Natural","Commercial","EEM / ECTA minimum price"
"2026-03-10","4.34302","Sidama","1","Natural","Commercial","EEM / ECTA minimum price"
"2026-03-10","4.06794","Sidama","2","Natural","Commercial","EEM / ECTA minimum price"
"2026-03-17","4.34302","Sidama","1","Natural","Commercial","EEM / ECTA minimum price"
"2026-03-17","4.06794","Sidama","2","Natural","Commercial","EEM / ECTA minimum price"
"2026-03-24","4.34302","Sidama","1","Natural","Commercial","EEM / ECTA minimum price"
"2026-03-24","4.06794","Sidama","2","Natural","Commercial","EEM / ECTA minimum price"
"2026-03-31","4.34302","Sidama","1","Natural","Commercial","EEM / ECTA minimum price"
"2026-03-31","4.06794","Sidama","2","Natural","Commercial","EEM / ECTA minimum price"
"2026-04-07","4.32131","Sidama","1","Natural","Commercial","EEM / ECTA minimum price"
"2026-04-07","4.04760","Sidama","2","Natural","Commercial","EEM / ECTA minimum price"
"2026-04-14","4.34292","Sidama","1","Natural","Commercial","EEM / ECTA minimum price"
"2026-04-14","4.06784","Sidama","2","Natural","Commercial","EEM / ECTA minimum price"
"2026-04-21","4.32120","Sidama","1","Natural","Commercial","EEM / ECTA minimum price"
"2026-04-21","4.04750","Sidama","2","Natural","Commercial","EEM / ECTA minimum price"
"2026-04-28","4.32120","Sidama","1","Natural","Commercial","EEM / ECTA minimum price"
"2026-04-28","4.04750","Sidama","2","Natural","Commercial","EEM / ECTA minimum price"
"2026-05-05","4.32120","Sidama","1","Natural","Commercial","EEM / ECTA minimum price"
"2026-05-05","4.04750","Sidama","2","Natural","Commercial","EEM / ECTA minimum price"
"2026-05-12","4.27799","Sidama","1","Natural","Commercial","EEM / ECTA minimum price"
"2026-05-12","4.00703","Sidama","2","Natural","Commercial","EEM / ECTA minimum price"
"2026-05-19","4.27799","Sidama","1","Natural","Commercial","EEM / ECTA minimum price"
"2026-05-19","4.00703","Sidama","2","Natural","Commercial","EEM / ECTA minimum price"
"2026-05-26","4.27799","Sidama","1","Natural","Commercial","EEM / ECTA minimum price"
"2026-05-26","4.00703","Sidama","2","Natural","Commercial","EEM / ECTA minimum price"
"2026-06-02","4.25660","Sidama","1","Natural","Commercial","EEM / ECTA minimum price"
"2026-06-02","3.98699","Sidama","2","Natural","Commercial","EEM / ECTA minimum price"
"2026-06-09","4.20660","Sidama","1","Natural","Commercial","EEM / ECTA minimum price"
"2026-06-09","3.93699","Sidama","2","Natural","Commercial","EEM / ECTA minimum price"
"2026-06-16","4.20660","Sidama","1","Natural","Commercial","EEM / ECTA minimum price"
"2026-06-16","3.93699","Sidama","2","Natural","Commercial","EEM / ECTA minimum price"
"2026-06-23","4.22763","Sidama","1","Natural","Commercial","EEM / ECTA minimum price"
"2026-06-23","3.95668","Sidama","2","Natural","Commercial","EEM / ECTA minimum price"
"2026-06-30","4.24877","Sidama","1","Natural","Commercial","EEM / ECTA minimum price"
"2026-06-30","3.97646","Sidama","2","Natural","Commercial","EEM / ECTA minimum price"
"2026-07-07","4.29126","Sidama","1","Natural","Commercial","EEM / ECTA minimum price"
"2026-07-07","4.01622","Sidama","2","Natural","Commercial","EEM / ECTA minimum price"
"2026-07-14","4.29126","Sidama","1","Natural","Commercial","EEM / ECTA minimum price"
"2026-07-14","3.78833","Sidama","2","Natural","Commercial","EEM / ECTA minimum price"
"2026-07-21","4.29126","Sidama","1","Natural","Commercial","EEM / ECTA minimum price"
"2026-07-21","3.78833","Sidama","2","Natural","Commercial","EEM / ECTA minimum price"
"2026-07-28","4.29126","Sidama","1","Natural","Commercial","EEM / ECTA minimum price"
"2026-07-28","3.78833","Sidama","2","Natural","Commercial","EEM / ECTA minimum price"
"2026-08-04","4.29126","Sidama","1","Natural","Commercial","EEM / ECTA minimum price"
"2026-08-04","3.78833","Sidama","2","Natural","Commercial","EEM / ECTA minimum price"
"2026-08-11","4.29126","Sidama","1","Natural","Commercial","EEM / ECTA minimum price"
"2026-08-11","3.78833","Sidama","2","Natural","Commercial","EEM / ECTA minimum price"
"2026-08-18","4.33428","Sidama","1","Natural","Commercial","EEM / ECTA minimum price"
"2026-08-18","3.82631","Sidama","2","Natural","Commercial","EEM / ECTA minimum price"
"2026-08-25","4.33428","Sidama","1","Natural","Commercial","EEM / ECTA minimum price"
"2026-08-25","3.82631","Sidama","2","Natural","Commercial","EEM / ECTA minimum price"
"2026-09-01","4.33428","Sidama","1","Natural","Commercial","EEM / ECTA minimum price"
"2026-09-01","3.82631","Sidama","2","Natural","Commercial","EEM / ECTA minimum price"
"2026-09-08","4.33428","Sidama","1","Natural","Commercial","EEM / ECTA minimum price"
"2026-09-08","3.82631","Sidama","2","Natural","Commercial","EEM / ECTA minimum price"
"2026-09-15","4.29094","Sidama","1","Natural","Commercial","EEM / ECTA minimum price"
"2026-09-15","3.78804","Sidama","2","Natural","Commercial","EEM / ECTA minimum price"
